name,wmc,dit,noc,cbo,rfc,lcom,ca,ce,npm,lcom3,loc,dam,moa,mfa,cam,ic,cbm,amc,max_cc,avg_cc,bug
org.apache.lucene.search.spans.SpanQuery,5,2,5,17,7,10,12,6,4,2,14,0,0,0.75,0.466666667,1,1,1.8,1,0.8,0
org.apache.lucene.analysis.standard.CharStream,12,1,0,3,12,66,3,0,12,2,12,0,0,0,0.583333333,0,0,0,1,1,0
org.apache.lucene.analysis.standard.FastCharStream,14,1,0,2,25,3,1,1,13,0.602564103,237,0,0,0,0.404761905,0,0,15.5,1,0.9286,0
org.apache.lucene.document.LoadFirstFieldSelector,2,1,0,2,3,1,0,2,2,2,7,0,0,0,0.75,0,0,2.5,1,0.5,0
org.apache.lucene.index.DefaultSkipListReader,8,2,0,3,15,0,1,2,0,0.571428571,158,1,0,0.5625,0.425,1,3,17.875,1,0.875,0
org.apache.lucene.search.MultiSearcher,16,2,1,22,53,0,2,21,14,0.466666667,577,1,1,0.594594595,0.23125,1,5,34.875,6,1.25,0
org.apache.lucene.analysis.WordlistLoader,4,1,0,2,17,6,2,0,4,2,147,0,0,0,0.333333333,0,0,35.75,1,0.75,0
org.apache.lucene.search.spans.TermSpans,8,1,0,6,19,0,3,3,8,0.666666667,160,1,2,0,0.34375,0,0,18.25,3,1.125,0
org.apache.lucene.search.spans.SpanNearQuery,12,3,0,8,47,0,2,8,12,0.590909091,353,1,0,0.592592593,0.208333333,2,2,28.08333333,7,1.75,0
org.apache.lucene.search.PhrasePositions,5,1,0,6,12,0,5,1,0,0.678571429,95,0,2,0,0.533333333,0,0,16.6,1,0.8,0
org.apache.lucene.document.FieldSelector,1,1,0,18,1,0,17,1,1,2,1,0,0,0,1,0,0,0,1,1,0
org.apache.lucene.search.function.FieldScoreQuery,2,3,0,7,12,1,0,7,1,2,52,0,0,0.947368421,0.833333333,0,0,25,5,2.5,0
org.apache.lucene.search.Query,13,1,15,51,39,72,48,7,12,0.833333333,249,1,0,0,0.230769231,0,0,18.07692308,9,1.8462,0
org.apache.lucene.index.MultiTermEnum,5,2,0,6,20,0,1,5,5,0.5,141,1,2,0.555555556,0.4,1,2,26.6,1,0.8,0
org.apache.lucene.analysis.SimpleAnalyzer,2,2,0,4,4,1,1,3,2,2,10,0,0,0.666666667,0.666666667,0,0,4,1,0.5,0
org.apache.lucene.index.TermInfo,5,1,0,8,6,0,8,0,0,0.125,100,0,0,0,0.55,0,0,18.2,1,0.4,0
org.apache.lucene.search.PrefixGenerator,2,1,1,6,16,0,1,5,1,0,66,1,1,0,0.666666667,0,0,31.5,1,0.5,0
org.apache.lucene.index.CorruptIndexException,1,4,0,28,2,0,28,0,1,2,5,0,0,1,1,0,0,4,0,0,0
org.apache.lucene.index.SegmentMergeQueue,3,2,0,5,9,3,2,3,0,2,47,0,0,0.846153846,0.555555556,1,3,14.66666667,4,1.6667,0
org.apache.lucene.search.DisjunctionSumScorer,12,2,1,7,37,0,2,5,9,0.454545455,357,1,1,0.444444444,0.416666667,1,3,28.08333333,1,0.8333,0
org.apache.lucene.index.TermBuffer,11,1,0,4,25,0,1,3,6,0.52,241,1,1,0,0.242857143,0,0,20.45454545,3,1.4545,0
org.apache.lucene.store.BufferedIndexOutput,10,2,1,2,12,17,1,1,8,0.555555556,185,0.75,0,0.608695652,0.36,1,3,17.1,1,0.9,0
org.apache.lucene.index.TermVectorOffsetInfo,9,1,0,7,10,2,7,0,8,0.666666667,83,0.666666667,1,0,0.5,1,1,7.888888889,5,1.1111,0
org.apache.lucene.index.MultiLevelSkipListWriter,6,1,1,3,16,0,1,2,0,0.466666667,178,1,1,0,0.611111111,0,0,28.16666667,3,1.3333,0
org.apache.lucene.analysis.LetterTokenizer,2,4,1,2,4,1,1,1,1,2,9,0,0,0.875,0.666666667,1,1,3.5,1,0.5,0
org.apache.lucene.search.BooleanClause,10,1,0,6,18,0,5,2,10,0.333333333,104,1,2,0,0.375,1,1,9.2,4,1.4,0
org.apache.lucene.util.ToStringUtils,2,1,0,17,7,1,17,0,2,2,21,0,0,0,0.5,0,0,9.5,2,1,0
org.apache.lucene.search.WildcardQuery,4,3,0,8,12,4,1,7,3,0.666666667,55,1,0,0.857142857,0.5,1,1,12.5,2,1,0
org.apache.lucene.document.DateField,8,1,0,1,25,22,1,0,6,0.428571429,126,1,0,0,0.178571429,0,0,14.625,5,1.375,0
org.apache.lucene.index.MultiTermDocs,11,1,1,6,21,1,2,4,9,0.514285714,258,1,4,0,0.246753247,0,0,21.81818182,1,0.9091,0
org.apache.lucene.document.FieldSelectorResult,4,1,0,7,6,0,7,0,2,0.875,83,0.125,7,0,0.555555556,1,1,17.75,5,1.5,0
org.apache.lucene.search.SortComparatorSource,1,1,0,6,1,0,4,2,1,2,1,0,0,0,1,0,0,0,1,1,0
org.apache.lucene.search.ReqOptSumScorer,6,2,0,4,15,0,1,3,6,0.466666667,113,1,2,0.615384615,0.5,1,3,17.33333333,1,0.8333,0
org.apache.lucene.document.NumberTools,4,1,0,0,18,0,0,0,3,1.166666667,130,0.5,0,0,0.333333333,0,0,30,6,2.5,0
org.apache.lucene.search.FuzzyTermEnum,14,3,0,5,29,53,1,4,6,0.692307692,514,1,1,0.541666667,0.333333333,1,4,34.92857143,14,2.2857,0
org.apache.lucene.search.spans.SpanFirstQuery,13,3,0,6,30,0,1,6,11,0.416666667,176,1,1,0.571428571,0.192307692,2,2,12.38461538,6,1.3077,0
org.apache.lucene.LucenePackage,3,1,0,0,8,3,0,0,1,1,27,0,0,0,0.333333333,0,0,7.666666667,2,1,0
org.apache.lucene.util.Parameter,6,1,5,5,18,5,5,0,1,0.6,88,0.5,0,0,0.7,0,0,13.33333333,1,0.5,0
org.apache.lucene.search.spans.SpanTermQuery,9,3,1,8,27,0,1,7,9,0,116,1,1,0.666666667,0.259259259,2,2,11.77777778,4,1.3333,0
org.apache.lucene.util.StringHelper,2,1,0,2,5,1,2,0,1,2,36,0,0,0,0.5,0,0,17,4,2,0
org.apache.lucene.index.TermPositionVector,2,1,0,4,2,1,2,2,2,2,2,0,0,0,1,0,0,0,1,1,0
org.apache.lucene.store.NoLock,5,2,0,2,6,10,1,1,4,2,15,0,0,0.5,1,1,1,2,1,0.8,0
org.apache.lucene.util.ScorerDocQueue,16,1,0,3,24,0,2,2,12,0.383333333,361,1,2,0,0.328125,0,0,21.3125,7,1.75,0
org.apache.lucene.search.DefaultSimilarity,7,2,0,3,10,21,3,1,7,2,54,0,0,0.714285714,0.5,1,2,6.714285714,1,0.8571,0
org.apache.lucene.search.PhraseQueue,2,2,0,5,4,1,3,2,0,2,51,0,0,0.916666667,0.666666667,1,3,24.5,6,3,0
org.apache.lucene.store.AlreadyClosedException,1,5,0,4,2,0,4,0,1,2,5,0,0,1,1,0,0,4,0,0,0
org.apache.lucene.search.spans.Spans,5,1,0,20,5,10,20,0,5,2,5,0,0,0,0.6,0,0,0,1,1,0
org.apache.lucene.index.SegmentMergeInfo,5,1,0,7,14,0,3,4,0,0.75,108,0.333333333,4,0,0.4,0,0,19.4,5,1.6,0
org.apache.lucene.index.SegmentTermDocs,12,1,1,13,33,12,2,12,8,0.690909091,377,0.866666667,4,0,0.21875,0,0,29.16666667,1,0.9167,0
org.apache.lucene.analysis.WhitespaceAnalyzer,2,2,0,3,4,1,0,3,2,2,10,0,0,0.666666667,0.666666667,0,0,4,1,0.5,0
org.apache.lucene.analysis.standard.TokenMgrError,6,3,0,1,19,15,1,0,4,1.12,184,0,0,0.8125,0.5,1,1,28.83333333,14,2.8333,0
org.apache.lucene.search.ExactPhraseScorer,2,3,0,8,9,1,2,6,0,2,64,0,0,0.952380952,0.583333333,1,1,31,1,0.5,0
org.apache.lucene.search.IdGenerator,2,1,0,2,2,1,1,1,2,2,2,0,0,0,0.666666667,0,0,0,1,1,0
org.apache.lucene.search.ReqExclScorer,7,2,0,4,16,0,1,3,6,0.333333333,179,1,2,0.571428571,0.476190476,1,3,24.14285714,1,0.8571,0
org.apache.lucene.store.SimpleFSLock,5,2,0,2,18,0,1,1,5,0.375,83,0,0,0.5,0.466666667,1,1,15.2,1,0.8,0
org.apache.lucene.analysis.standard.ParseException,5,4,0,2,18,0,1,1,4,0.55,380,0.4,1,0.866666667,0.4,1,1,74,14,4.8,0
org.apache.lucene.index.SegmentTermPositionVector,4,2,0,4,5,0,1,3,3,0.666666667,65,0.666666667,1,0.777777778,0.476190476,0,0,14.5,4,2,0
org.apache.lucene.search.HitQueue,2,2,0,6,4,1,4,2,0,2,39,0,0,0.916666667,0.666666667,1,3,18.5,4,2,0
org.apache.lucene.search.NonMatchingScorer,6,2,0,4,10,15,1,3,6,2,31,0,0,0.615384615,0.666666667,1,3,4.166666667,1,0.8333,0
org.apache.lucene.index.StaleReaderException,1,4,0,2,2,0,2,0,1,2,5,0,0,1,1,0,0,4,0,0,0
org.apache.lucene.search.spans.SpanWeight,7,1,1,13,46,0,2,12,7,0.69047619,357,1,2,0,0.30952381,0,0,49,1,0.8571,0
org.apache.lucene.index.DefaultSkipListWriter,4,2,0,3,10,0,1,2,0,0.484848485,176,1,2,0.625,0.625,1,1,40.25,1,0.75,0
org.apache.lucene.analysis.standard.StandardTokenizerConstants,1,1,0,3,1,0,3,0,0,2,87,0,0,0,0,0,0,68,0,0,0
org.apache.lucene.search.SortComparator,3,1,0,7,7,3,4,5,2,2,21,0,0,0,0.666666667,0,0,6,1,0.6667,0
org.apache.lucene.index.TermEnum,6,1,5,33,8,15,32,1,6,2,21,0,0,0,0.583333333,0,0,2.5,1,0.8333,0
org.apache.lucene.search.MultiSearcherThread,6,2,0,12,12,1,1,11,6,0.64,173,1,6,0.921568627,0.35,0,0,26.16666667,6,1.5,0
org.apache.lucene.search.TermScorer,9,2,0,10,31,0,1,9,7,0.545454545,409,1,2,0.5,0.285714286,1,3,43.22222222,2,1,0
org.apache.lucene.search.FilteredTermEnum,9,2,2,7,14,8,5,2,6,0.5,103,1,2,0.384615385,0.407407407,1,2,10.22222222,2,1,0
org.apache.lucene.index.TermDocs,8,1,0,27,8,28,25,2,8,2,8,0,0,0,0.3,0,0,0,1,1,0
org.apache.lucene.analysis.PerFieldAnalyzerWrapper,5,2,0,2,15,0,0,2,5,0.125,73,1,1,0.333333333,0.55,0,0,13.2,2,1.2,0
org.apache.lucene.search.HitCollector,2,1,6,22,3,1,22,0,2,2,5,0,0,0,0.666666667,0,0,1.5,1,0.5,0
org.apache.lucene.analysis.WhitespaceTokenizer,2,4,0,2,4,1,1,1,1,2,13,0,0,0.875,0.666666667,1,1,5.5,2,1,0
org.apache.lucene.search.spans.SpanNotQuery,13,3,0,6,31,0,1,6,11,0.375,218,1,2,0.571428571,0.208791209,2,2,15.61538462,6,1.3077,0
org.apache.lucene.search.RemoteSearchable,13,4,0,14,31,0,0,14,13,0,120,1,1,0.6,0.205128205,0,0,8.153846154,1,0.9231,0
org.apache.lucene.store.NativeFSLock,7,2,0,2,32,1,1,1,6,0.583333333,485,1,0,0.444444444,0.444444444,1,1,67.42857143,3,1.1429,0
org.apache.lucene.index.TermFreqVector,6,1,0,11,6,15,11,0,6,2,6,0,0,0,0.375,0,0,0,1,1,0
org.apache.lucene.search.spans.SpanOrQuery,11,3,0,8,42,0,3,6,10,0.45,286,1,0,0.615384615,0.220779221,2,2,24.81818182,7,1.7273,0
org.apache.lucene.store.SingleInstanceLock,5,2,0,2,12,0,1,1,5,0.125,82,0.5,0,0.5,0.466666667,1,1,15,1,0.8,0
org.apache.lucene.store.NoLockFactory,5,2,0,4,7,6,1,3,4,0.75,24,1,2,0.571428571,0.625,0,0,3.4,1,0.6,0
org.apache.lucene.search.ScoreDoc,1,1,1,19,2,0,19,0,1,2,12,0,0,0,1,0,0,9,0,0,0
org.apache.lucene.search.spans.NearSpansOrdered,15,1,0,6,41,25,3,5,7,0.747252747,661,0.846153846,3,0,0.202380952,0,0,42.2,6,1.5333,0
org.apache.lucene.search.Weight,6,1,0,47,6,15,44,4,6,2,6,0,0,0,0.416666667,0,0,0,1,1,0
org.apache.lucene.analysis.StopAnalyzer,7,2,0,6,13,0,1,5,6,0.5,189,0.5,0,0.666666667,0.333333333,0,0,25.71428571,1,0.1429,0
org.apache.lucene.analysis.standard.StandardTokenizerTokenManager,22,1,0,5,38,153,1,4,7,0.850340136,3785,0.114285714,1,0,0.380952381,0,0,169.4545455,236,14.0455,0
org.apache.lucene.analysis.standard.Token,3,1,0,3,4,3,3,0,3,1.4375,23,0,2,0,0.5,0,0,4,2,1,0
org.apache.lucene.search.PrefixQuery,6,2,0,9,28,0,1,8,6,0,147,1,1,0.705882353,0.333333333,2,3,23.33333333,4,1.5,0
org.apache.lucene.analysis.LowerCaseTokenizer,2,5,0,3,4,1,2,1,1,2,9,0,0,0.888888889,0.666666667,1,1,3.5,1,0.5,0
org.apache.lucene.util.BitVector,14,1,0,5,28,0,2,3,8,0.288461538,1483,1,0,0,0.320512821,0,0,104.6428571,10,1.8571,0
org.apache.lucene.index.DocumentWriter,11,1,0,20,102,1,1,20,0,0.733333333,1192,1,5,0,0.227272727,0,0,106,10,2.3636,0
org.apache.lucene.util.Constants,2,1,0,0,5,1,0,0,0,1,44,0,0,0,1,0,0,17,0,0,0
org.apache.lucene.search.MultiTermQuery,7,2,2,10,27,1,2,8,6,0.333333333,134,1,1,0.666666667,0.342857143,2,3,18,5,1.5714,0
org.apache.lucene.search.BooleanScorer,12,2,0,8,29,26,1,7,7,0.609090909,461,1,3,0.444444444,0.305555556,1,3,36.58333333,2,1.0833,0
org.apache.lucene.search.QueryFilter,3,3,0,4,7,3,0,4,3,2,20,0,0,0.714285714,0.555555556,2,3,5.666666667,1,0.6667,0
org.apache.lucene.index.MultiTermPositions,6,2,0,5,12,3,1,4,5,2,36,0,0,0.666666667,0.305555556,1,1,5,1,0.8333,0
org.apache.lucene.queryParser.FastCharStream,14,1,0,2,25,3,1,1,13,0.602564103,237,0,0,0,0.404761905,0,0,15.5,1,0.9286,0
org.apache.lucene.search.WildcardTermEnum,6,3,0,5,20,5,1,4,5,0.825,247,0,1,0.722222222,0.333333333,1,4,38.83333333,16,3.6667,0
org.apache.lucene.store.LockObtainFailedException,1,4,0,5,2,0,5,0,1,2,5,0,0,1,1,0,0,4,0,0,0
org.apache.lucene.search.RemoteSearchable_Stub,14,3,0,13,24,69,0,13,12,0.963369963,723,0.571428571,0,0.454545455,0.205128205,0,0,49.14285714,1,0.8571,0
org.apache.lucene.search.PhraseScorer,13,2,2,9,34,0,2,7,6,0.666666667,345,1,4,0.4,0.21978022,1,3,24.84615385,3,1.1538,0
org.apache.lucene.search.HitDoc,1,1,0,2,2,0,1,1,0,2,18,0,3,0,1,0,0,12,0,0,0
org.apache.lucene.document.SetBasedFieldSelector,2,1,0,2,4,0,0,2,2,0,33,1,0,0,0.666666667,0,0,14.5,3,1.5,0
org.apache.lucene.search.Explanation,13,1,1,41,21,64,41,0,11,0.611111111,197,1,0,0,0.292307692,0,0,13.92307692,4,1.4615,0
org.apache.lucene.index.FieldReaderException,4,4,0,1,8,6,1,0,4,2,20,0,0,1,0.666666667,0,0,4,0,0,0
