name,wmc,dit,noc,cbo,rfc,lcom,ca,ce,npm,lcom3,loc,dam,moa,mfa,cam,ic,cbm,amc,max_cc,avg_cc,bug
org.apache.lucene.analysis.WhitespaceAnalyzer,2,2,0,3,4,1,0,3,2,2,10,0,0,0.666666667,0.666666667,0,0,4,1,0.5,0
org.apache.lucene.search.QueryTermVector,10,1,0,4,37,0,0,4,9,0.388888889,278,1,0,0,0.34,0,0,26.6,5,1.6,0
org.apache.lucene.analysis.PorterStemmer,27,1,0,1,43,13,1,0,13,0.600961538,1174,1,0,0,0.25308642,0,0,42.18518519,26,5.7407,0
org.apache.lucene.search.RangeFilter,7,2,0,6,30,1,1,5,7,0,373,1,0,0.142857143,0.314285714,1,1,51.57142857,12,3.5714,0
org.apache.lucene.search.HitQueue,2,2,0,6,4,1,4,2,0,2,39,0,0,0.916666667,0.666666667,1,3,18.5,4,2,0
org.apache.lucene.search.NonMatchingScorer,6,2,0,4,10,15,1,3,6,2,31,0,0,0.615384615,0.666666667,1,3,4.166666667,1,0.8333,0
org.apache.lucene.search.TopFieldDocs,1,2,0,14,2,0,11,3,0,2,11,0,1,1,1,0,0,9,0,0,0
org.apache.lucene.analysis.standard.StandardTokenizerConstants,1,1,0,3,1,0,3,0,0,2,87,0,0,0,0,0,0,68,0,0,0
org.apache.lucene.index.TermEnum,6,1,5,25,8,15,24,1,6,2,21,0,0,0,0.583333333,0,0,2.5,1,0.8333,0
org.apache.lucene.search.MultiSearcherThread,6,2,0,12,12,1,1,11,6,0.64,173,1,6,0.921568627,0.35,0,0,26.16666667,6,1.5,0
org.apache.lucene.index.TermVectorsWriter,15,1,0,13,54,41,2,11,10,0.804761905,675,0.533333333,5,0,0.237037037,0,0,43,3,1.2,0
org.apache.lucene.store.FSIndexInput,8,3,0,3,19,12,2,2,4,0.666666667,125,0.666666667,1,0.75,0.3,2,8,14.25,1,0.875,0
org.apache.lucene.search.Query,13,1,13,45,39,72,42,7,12,0.833333333,249,1,0,0,0.230769231,0,0,18.07692308,9,1.8462,0
org.apache.lucene.search.RangeQuery,9,2,0,9,32,0,1,8,9,0.291666667,340,1,2,0.6,0.259259259,2,3,36.44444444,11,3,0
org.apache.lucene.search.PrefixQuery,6,2,0,9,28,0,1,8,6,0,147,1,1,0.705882353,0.333333333,2,3,23.33333333,4,1.5,0
org.apache.lucene.analysis.standard.StandardTokenizer,15,3,0,9,29,15,1,8,11,0.6,523,0.7,3,0.214285714,0.285714286,1,1,33.2,10,1.7333,0
org.apache.lucene.search.TopDocs,3,1,1,14,4,0,13,1,2,0.666666667,25,0.333333333,1,0,0.583333333,0,0,6.333333333,1,0.6667,0
org.apache.lucene.analysis.Tokenizer,3,2,3,4,5,1,3,1,1,0.5,17,1,0,0.666666667,0.666666667,0,0,4.333333333,1,0.3333,0
org.apache.lucene.LucenePackage,3,1,0,0,8,3,0,0,1,1,27,0,0,0,0.333333333,0,0,7.666666667,2,1,0
org.apache.lucene.util.Parameter,6,1,5,5,18,5,5,0,1,0.6,88,0.5,0,0,0.7,0,0,13.33333333,1,0.5,0
org.apache.lucene.search.spans.SpanQuery,5,2,5,15,7,10,10,6,4,2,14,0,0,0.75,0.466666667,1,1,1.8,1,0.8,0
org.apache.lucene.index.MultiTermEnum,5,2,0,6,20,0,1,5,5,0.5,141,1,2,0.555555556,0.4,1,2,26.6,1,0.8,0
org.apache.lucene.analysis.SimpleAnalyzer,2,2,0,4,4,1,1,3,2,2,10,0,0,0.666666667,0.666666667,0,0,4,1,0.5,0
org.apache.lucene.search.FieldDocSortedHitQueue,5,2,0,6,21,0,3,3,0,0.375,274,0,1,0.733333333,0.5,1,3,53.4,18,5,0
org.apache.lucene.search.HitCollector,2,1,6,21,3,1,21,0,2,2,5,0,0,0,0.666666667,0,0,1.5,1,0.5,0
org.apache.lucene.analysis.WhitespaceTokenizer,2,4,0,2,4,1,1,1,1,2,13,0,0,0.857142857,0.666666667,1,1,5.5,2,1,0
org.apache.lucene.search.spans.SpanNotQuery,13,3,0,6,31,0,1,6,11,0.375,218,1,2,0.571428571,0.208791209,2,2,15.61538462,6,1.3077,0
org.apache.lucene.analysis.standard.StandardFilter,3,3,0,5,17,1,1,4,2,0.5,98,1,0,0.75,0.75,0,0,31,1,0.3333,0
org.apache.lucene.analysis.CharTokenizer,4,3,2,4,8,4,2,2,2,0.857142857,122,1,0,0.5,0.583333333,0,0,27.75,1,0.75,0
org.apache.lucene.document.DateTools,8,1,0,1,29,16,0,1,6,0.142857143,330,1,0,0,0.314285714,0,0,40.125,8,2.5,0
org.apache.lucene.search.ScoreDocComparator,4,1,0,11,6,6,10,3,3,1,15,0,2,0,0.833333333,0,0,2.25,1,0.75,0
org.apache.lucene.index.SegmentTermVector,8,1,1,3,15,0,2,1,7,0.571428571,133,1,0,0,0.35,0,0,15.25,4,1.75,0
org.apache.lucene.document.DateField,8,1,0,1,25,22,1,0,6,0.428571429,126,1,0,0,0.178571429,0,0,14.625,5,1.375,0
org.apache.lucene.search.FieldDoc,2,2,0,4,3,1,3,1,2,1,16,0,0,0,0.875,0,0,6.5,0,0,0
org.apache.lucene.queryParser.TokenMgrError,6,3,0,2,19,15,2,0,4,1.12,184,0,0,0.8125,0.5,1,1,28.83333333,14,2.8333,0
org.apache.lucene.index.MultiTermDocs,11,1,1,6,20,15,2,4,9,0.514285714,231,1,4,0,0.246753247,0,0,19.36363636,1,0.9091,0
org.apache.lucene.search.SortComparatorSource,1,1,0,5,1,0,3,2,1,2,1,0,0,0,1,0,0,0,1,1,0
org.apache.lucene.search.ReqOptSumScorer,6,2,0,4,15,0,1,3,6,0.466666667,113,1,2,0.615384615,0.5,1,3,17.33333333,1,0.8333,0
org.apache.lucene.document.NumberTools,4,1,0,0,18,0,0,0,3,1.166666667,130,0.5,0,0,0.333333333,0,0,30,6,2.5,0
org.apache.lucene.search.SimilarityDelegator,7,2,1,2,14,0,1,1,7,0,47,1,1,0.7,0.428571429,1,2,5.571428571,1,0.8571,0
org.apache.lucene.analysis.standard.Token,3,1,0,3,4,3,3,0,3,1.4375,23,0,2,0,0.5,0,0,4,2,1,0
org.apache.lucene.index.TermPositionVector,2,1,0,4,2,1,2,2,2,2,2,0,0,0,1,0,0,0,1,1,0
org.apache.lucene.analysis.StopFilter,7,3,0,5,13,15,2,3,7,0.333333333,106,1,0,0.5,0.514285714,0,0,13.85714286,3,0.7143,0
org.apache.lucene.index.Posting,1,1,0,3,2,0,1,2,0,2,38,0,2,0,1,0,0,33,0,0,0
org.apache.lucene.search.RemoteSearchable_Stub,13,3,0,11,23,58,0,11,11,0.960526316,656,0.578947368,0,0.476190476,0.21969697,0,0,48,1,0.8462,0
org.apache.lucene.analysis.standard.StandardAnalyzer,7,2,0,8,15,0,0,8,6,0.5,67,0.5,0,0.666666667,0.333333333,0,0,8.285714286,1,0.1429,0
org.apache.lucene.search.spans.Spans,5,1,0,15,5,10,15,0,5,2,5,0,0,0,0.6,0,0,0,1,1,0
org.apache.lucene.search.HitIterator,5,1,0,2,10,0,1,2,4,0.375,60,1,1,0,0.6,0,0,10.6,2,1.2,0
org.apache.lucene.util.Constants,2,1,0,0,5,1,0,0,0,1,44,0,0,0,1,0,0,17,0,0,0
org.apache.lucene.search.MultiTermQuery,7,2,2,10,27,1,2,8,6,0.333333333,134,1,1,0.666666667,0.342857143,2,3,18,5,1.5714,0
org.apache.lucene.search.ParallelMultiSearcher,6,3,0,16,33,3,1,16,6,0.4,297,1,1,0.87804878,0.351851852,2,3,48.16666667,1,0.8333,0
org.apache.lucene.util.SmallFloat,7,1,0,1,10,21,1,0,7,2,155,0,0,0,0.321428571,0,0,21.14285714,4,2.5714,0
org.apache.lucene.analysis.KeywordTokenizer,3,3,0,3,10,1,1,2,3,0.5,63,1,0,0.75,0.666666667,0,0,19,1,0.3333,0
org.apache.lucene.index.TermFreqVector,6,1,0,11,6,15,11,0,6,2,6,0,0,0,0.375,0,0,0,1,1,0
org.apache.lucene.search.TopDocCollector,5,2,1,7,13,0,2,5,4,0.4375,110,0.5,1,0.25,0.5,0,0,20.2,4,1.6,0
org.apache.lucene.analysis.LetterTokenizer,2,4,1,2,4,1,1,1,1,2,9,0,0,0.857142857,0.666666667,1,1,3.5,1,0.5,0
org.apache.lucene.analysis.standard.TokenMgrError,6,3,0,1,19,15,1,0,4,1.12,184,0,0,0.8125,0.5,1,1,28.83333333,14,2.8333,0
org.apache.lucene.search.Filter,2,1,3,20,3,1,19,1,2,2,5,0,0,0,0.75,0,0,1.5,1,0.5,0
org.apache.lucene.search.FieldCache,9,1,0,7,10,36,3,6,8,1.0625,16,0,1,0,0.5625,0,0,0.555555556,1,0.8889,0
org.apache.lucene.store.IndexInput,14,1,3,24,17,89,24,0,14,0.923076923,224,1,0,0,0.271428571,0,0,14.92857143,1,0.9286,0
org.apache.lucene.analysis.standard.FastCharStream,14,1,0,2,25,3,1,1,13,0.602564103,237,0,0,0,0.404761905,0,0,15.5,1,0.9286,0
org.apache.lucene.search.ReqExclScorer,7,2,0,4,16,0,1,3,6,0.333333333,179,1,2,0.571428571,0.476190476,1,3,24.14285714,1,0.8571,0
org.apache.lucene.analysis.PorterStemFilter,2,3,0,4,6,0,0,4,2,0,35,1,1,0.75,0.75,0,0,16,1,0.5,0
org.apache.lucene.analysis.WordlistLoader,4,1,0,2,18,6,2,0,3,2,102,0,0,0,0.25,0,0,24.5,2,1,0
org.apache.lucene.analysis.LowerCaseFilter,2,3,0,4,5,1,1,3,2,2,21,0,0,0.75,0.75,0,0,9.5,1,0.5,0
org.apache.lucene.queryParser.CharStream,10,1,0,3,10,45,3,0,10,2,10,0,0,0,0.6,0,0,0,1,1,0
org.apache.lucene.search.SortComparator,3,1,0,6,7,3,3,5,2,2,21,0,0,0,0.666666667,0,0,6,1,0.6667,0
org.apache.lucene.search.TermScorer,9,2,0,10,32,0,1,9,7,0.545454545,409,1,2,0.5,0.285714286,1,3,43.22222222,2,1,0
org.apache.lucene.util.PriorityQueue,12,1,10,13,13,0,13,0,8,0.454545455,275,1,0,0,0.444444444,0,0,21.66666667,7,2.0833,0
org.apache.lucene.search.FuzzyTermEnum,14,3,0,5,29,53,1,4,6,0.692307692,514,1,1,0.541666667,0.333333333,1,4,34.92857143,14,2.2857,0
org.apache.lucene.search.spans.SpanFirstQuery,13,3,0,6,30,0,1,6,11,0.416666667,176,1,1,0.571428571,0.192307692,2,2,12.38461538,6,1.3077,0
org.apache.lucene.search.TopFieldDocCollector,3,3,0,11,13,1,1,10,3,2,70,0,0,0.666666667,0.533333333,1,3,22.33333333,2,1.3333,0
org.apache.lucene.index.IndexFileNameFilter,2,1,0,2,9,1,1,1,2,2,48,0,0,0,0.666666667,0,0,23,6,3,0
org.apache.lucene.analysis.LowerCaseTokenizer,2,5,0,3,4,1,2,1,1,2,9,0,0,0.875,0.666666667,1,1,3.5,1,0.5,0
org.apache.lucene.search.FilteredTermEnum,9,2,2,7,14,8,5,2,6,0.5,103,1,2,0.384615385,0.407407407,1,2,10.22222222,2,1,0
org.apache.lucene.index.TermDocs,8,1,0,19,8,28,17,2,8,2,8,0,0,0,0.3,0,0,0,1,1,0
org.apache.lucene.index.TermInfo,5,1,0,8,6,0,8,0,0,0.125,100,0,0,0,0.55,0,0,18.2,1,0.4,0
org.apache.lucene.index.SegmentMergeQueue,3,2,0,5,9,3,2,3,0,2,47,0,0,0.846153846,0.555555556,1,3,14.66666667,4,1.6667,0
org.apache.lucene.util.ToStringUtils,2,1,0,15,7,1,15,0,2,2,21,0,0,0,0.5,0,0,9.5,2,1,0
org.apache.lucene.search.ScoreDoc,1,1,1,19,2,0,19,0,1,2,12,0,0,0,1,0,0,9,0,0,0
org.apache.lucene.analysis.LengthFilter,2,3,0,3,6,0,0,3,2,0,41,0,0,0.75,0.666666667,0,0,18.5,1,0.5,0
org.apache.lucene.queryParser.ParseException,5,3,0,3,18,0,2,1,4,0.55,387,0.4,1,0.866666667,0.4,1,1,75.4,14,4.8,0
org.apache.lucene.search.Weight,6,1,0,40,6,15,37,4,6,2,6,0,0,0,0.416666667,0,0,0,1,1,0
org.apache.lucene.search.Scorer,9,1,15,33,11,34,30,3,7,0.875,47,1,1,0,0.416666667,0,0,4.111111111,1,0.8889,0
org.apache.lucene.analysis.StopAnalyzer,7,2,0,6,13,0,1,5,6,0.5,197,0.5,0,0.666666667,0.333333333,0,0,26.85714286,1,0.1429,0
org.apache.lucene.store.FSIndexOutput,6,3,0,2,14,0,1,1,5,0,49,0,0,0.807692308,0.333333333,1,2,7,1,0.8333,0
org.apache.lucene.search.SortField,15,1,0,9,22,0,8,1,14,0.852040816,297,0.285714286,3,0,0.380952381,0,0,17.86666667,7,0.8,0
org.apache.lucene.index.MultiTermPositions,3,2,0,5,6,3,1,4,2,2,16,0,0,0.833333333,0.5,1,1,4.333333333,1,0.6667,0
org.apache.lucene.queryParser.FastCharStream,14,1,0,2,25,3,1,1,13,0.602564103,237,0,0,0,0.404761905,0,0,15.5,1,0.9286,0
org.apache.lucene.search.WildcardTermEnum,6,3,0,5,20,5,1,4,5,0.825,247,0,1,0.722222222,0.333333333,1,4,38.83333333,16,3.6667,0
org.apache.lucene.search.Sort,14,1,0,12,22,61,11,1,13,0.692307692,175,0,3,0,0.320512821,0,0,11.28571429,3,0.7143,0
org.apache.lucene.search.DefaultSimilarity,7,2,0,3,10,21,3,1,7,2,54,0,0,0.7,0.5,1,2,6.714285714,1,0.8571,0
org.apache.lucene.search.ConstantScoreRangeQuery,10,2,0,5,24,0,0,5,10,0.444444444,313,1,0,0.571428571,0.3,2,3,29.8,13,3.1,0
org.apache.lucene.analysis.TokenFilter,2,2,6,7,4,0,6,1,1,0,13,1,1,0.666666667,0.75,0,0,5,1,0.5,0
org.apache.lucene.store.MMapDirectory,2,3,0,5,10,1,0,5,2,1,48,1,0,0.972222222,0.75,0,0,22.5,1,0.5,0
org.apache.lucene.search.HitDoc,1,1,0,2,2,0,1,1,0,2,18,0,3,0,1,0,0,12,0,0,0
org.apache.lucene.index.SegmentMergeInfo,5,1,0,7,14,0,3,4,0,0.75,108,0.333333333,4,0,0.4,0,0,19.4,5,1.6,0
org.apache.lucene.search.PhraseQuery,15,2,0,9,43,0,3,7,11,0.589285714,302,1,0,0.461538462,0.191666667,2,3,18.86666667,6,1.8,0
org.apache.lucene.queryParser.Token,3,1,0,4,4,3,4,0,3,1.4375,23,0,2,0,0.5,0,0,4,2,1,0
org.apache.lucene.util.StringHelper,2,1,0,2,5,1,2,0,1,2,36,0,0,0,0.5,0,0,17,4,2,0
org.apache.lucene.analysis.Analyzer,3,1,6,13,4,3,12,1,3,2,8,0,0,0,0.666666667,0,0,1.666666667,1,0.6667,0
org.apache.lucene.index.TermBuffer,11,1,0,4,25,0,1,3,6,0.52,241,1,1,0,0.242857143,0,0,20.45454545,3,1.4545,0
org.apache.lucene.index.TermVectorOffsetInfo,9,1,0,7,10,2,7,0,8,0.666666667,83,0.666666667,1,0,0.5,1,1,7.888888889,5,1.1111,0
org.apache.lucene.analysis.KeywordAnalyzer,2,2,0,3,4,1,0,3,2,2,10,0,0,0.666666667,0.666666667,0,0,4,1,0.5,0
