name,wmc,dit,noc,cbo,rfc,lcom,ca,ce,npm,lcom3,loc,dam,moa,mfa,cam,ic,cbm,amc,max_cc,avg_cc,bug
org.apache.synapse.util.concurrent.SynapseThreadPool,3,3,0,2,8,3,1,1,3,1.5,60,0,0,1,0.555555556,0,0,15,0,0,0
org.apache.synapse.config.xml.AnonymousListMediatorFactory,2,3,0,6,5,1,2,4,2,2,14,0,0,0.8,0.5,0,0,6,1,0.5,0
org.apache.synapse.config.xml.ClassMediatorFactory,4,2,0,8,29,4,0,8,3,0.666666667,141,1,0,0.6,0.666666667,0,0,34,6,1.75,0
org.apache.synapse.util.WrappedTextNodeStreamReader,51,1,0,4,71,1025,1,3,47,0.86,481,1,0,0,0.236666667,0,0,8.274509804,3,1.2157,0
org.apache.synapse.endpoints.dispatch.DispatcherContext,14,1,0,14,46,0,5,9,9,0.730769231,544,1,0,0,0.285714286,0,0,37.28571429,8,3.2857,0
org.apache.synapse.util.UUIDGenerator,4,1,0,4,31,0,4,0,2,0.5,179,1,0,0,0.333333333,0,0,42.75,4,2,0
org.apache.synapse.config.xml.AbstractDBMediatorSerializer,2,2,2,16,30,1,2,14,1,2,373,0,0,0.857142857,0.666666667,0,0,185.5,25,12.5,0
org.apache.synapse.endpoints.SALoadbalanceEndpoint,17,1,0,23,77,34,4,19,15,0.848214286,673,0.714285714,6,0,0.2421875,0,0,37.76470588,30,3.4118,0
org.apache.synapse.config.xml.HeaderMediatorSerializer,3,2,0,10,25,3,0,10,3,2,139,0,0,0.75,0.555555556,0,0,45.33333333,10,3.6667,0
org.apache.synapse.core.SynapseEnvironment,10,1,0,33,10,45,30,5,10,2,10,0,0,0,0.283333333,0,0,0,1,1,0
org.apache.synapse.registry.url.SimpleURLRegistry,15,2,0,12,73,67,0,12,11,0.761904762,609,1,0,0.277777778,0.276785714,2,3,39.4,9,2.4,0
org.apache.synapse.config.xml.ClassMediatorSerializer,3,2,0,8,24,3,0,8,3,2,114,0,0,0.75,0.555555556,0,0,37,7,2.6667,0
org.apache.synapse.config.xml.CalloutMediatorSerializer,3,2,0,11,25,3,0,11,3,2,156,0,0,0.75,0.555555556,0,0,51,12,4.3333,0
org.apache.synapse.config.xml.OutMediatorSerializer,3,3,0,7,15,3,0,7,3,2,46,0,0,0.777777778,0.555555556,0,0,14.33333333,3,1.3333,0
org.apache.synapse.registry.Registry,12,1,0,10,12,66,7,3,12,2,12,0,0,0,0.285714286,0,0,0,1,1,0
org.apache.synapse.core.axis2.ProxyServiceMessageReceiver,8,2,0,21,64,0,1,21,4,0.535714286,570,1,1,0.333333333,0.404761905,1,2,69.75,4,1.625,0
org.apache.synapse.config.xml.ConfigurationFactory,3,1,0,4,3,3,2,2,3,2,3,0,0,0,0.666666667,0,0,0,1,1,0
org.apache.synapse.config.xml.XMLConfigurationSerializer,3,1,0,5,8,1,0,5,2,0.5,21,1,0,0,0.5,0,0,5.666666667,1,0.3333,0
org.apache.synapse.config.Entry,26,1,0,17,31,245,13,4,24,0.943333333,193,0.666666667,1,0,0.194285714,0,0,5.961538462,4,1.3462,0
org.apache.synapse.config.xml.ValidateMediatorSerializer,3,3,0,13,28,3,0,13,3,2,142,0,0,0.777777778,0.555555556,0,0,46.33333333,9,3.3333,0
org.apache.synapse.util.PayloadHelper,23,1,0,18,70,143,2,17,22,0.878787879,537,0,0,0,0.181818182,0,0,21.95652174,5,2.2174,0
org.apache.synapse.config.xml.ProxyServiceFactory,5,1,0,14,67,0,1,13,2,0.25,695,1,0,0,0.3125,0,0,137.8,50,10.4,0
org.apache.synapse.endpoints.utils.EndpointDefinition,43,1,0,18,44,781,18,0,43,0.953514739,274,1,0,0,0.297674419,0,0,4.88372093,1,0.9767,0
org.apache.synapse.config.xml.SynapseMediatorSerializer,3,3,0,7,15,3,0,7,3,2,46,0,0,0.777777778,0.555555556,0,0,14.33333333,3,1.3333,0
org.apache.synapse.endpoints.dispatch.SoapSessionDispatcher,6,1,0,12,22,3,2,10,5,0.4,194,1,0,0,0.6,0,0,31,9,3.3333,0
org.apache.synapse.startup.Task,1,1,0,2,1,0,2,0,1,2,1,0,0,0,1,0,0,0,1,1,0
org.apache.synapse.config.xml.LogMediatorFactory,4,2,0,6,16,2,0,6,3,1.047619048,97,1,0,0.6,0.666666667,0,0,21.5,7,2,0
org.apache.synapse.config.xml.AnnotatedCommandMediatorFactory,4,2,0,10,29,4,0,10,3,0.666666667,133,1,0,0.6,0.666666667,0,0,32,6,1.75,0
org.apache.synapse.core.axis2.DynamicAxisOperation,3,5,0,6,6,3,2,5,3,2,18,0,0,0.991150442,0.5,0,0,5,1,0.3333,0
org.apache.synapse.statistics.impl.ProxyServiceStatisticsStack,7,1,0,8,17,9,3,5,5,0.5,151,1,0,0,0.566666667,0,0,19.57142857,5,1.8571,0
org.apache.synapse.config.XMLToObjectMapper,1,1,0,10,1,0,9,1,1,2,1,0,0,0,1,0,0,0,1,1,0
org.apache.synapse.config.xml.endpoints.DefaultEndpointSerializer,4,2,1,13,21,0,1,12,2,2,178,0,0,0.666666667,0.5,2,3,43.5,9,3.25,0
org.apache.synapse.metrics.MetricsAggregatorModule,6,1,0,10,13,15,0,10,6,2,35,0,0,0,0.361111111,0,0,4.833333333,1,0.8333,0
org.apache.synapse.startup.quartz.SimpleQuartzSerializer,3,1,0,11,35,1,0,11,2,0.625,200,1,0,0,0.666666667,0,0,64.33333333,11,3.6667,0
org.apache.synapse.core.axis2.SynapseMessageReceiver,5,1,1,21,47,0,2,19,2,0.25,242,1,0,0,0.5,0,0,47,4,1.6,0
org.apache.synapse.mediators.annotations.ReadAndUpdate,1,1,0,1,1,0,1,0,1,2,1,0,0,0,1,0,0,0,1,1,0
org.apache.synapse.config.xml.FilterMediatorFactory,4,3,0,11,29,2,0,11,3,0.666666667,212,1,0,0.666666667,0.666666667,0,0,51.25,15,4,0
org.apache.synapse.mediators.MediatorWorker,5,1,0,7,18,0,1,6,3,0.5,153,1,2,0,0.5,0,0,28.8,4,1.6,0
org.apache.synapse.mediators.annotations.Execute,0,1,0,0,0,0,0,0,0,2,0,0,0,0,0,0,0,0,0,0,0
org.apache.synapse.config.xml.ValidateMediatorFactory,4,3,0,9,29,2,0,9,3,0.666666667,218,1,0,0.666666667,0.666666667,0,0,52.75,16,4.25,0
org.apache.synapse.core.axis2.MessageContextCreatorForAxis2,5,1,0,12,10,0,3,9,4,0.583333333,46,1,2,0,0.25,0,0,7.6,1,0.6,0
org.apache.synapse.endpoints.FailoverEndpoint,11,1,0,16,45,11,3,13,10,0.616666667,250,1,3,0,0.316666667,0,0,21.18181818,14,2.3636,0
org.apache.synapse.config.xml.StartupFactory,3,1,0,4,3,3,2,2,3,2,3,0,0,0,0.666666667,0,0,0,1,1,0
org.apache.synapse.util.xpath.SynapseXPathFunctionContext,2,1,0,6,7,0,1,5,2,0,36,1,1,0,0.625,0,0,16,1,0.5,0
org.apache.synapse.config.xml.CloneMediatorSerializer,3,2,0,10,16,3,0,10,3,2,56,0,0,0.75,0.555555556,0,0,17.66666667,4,1.6667,0
org.apache.synapse.config.xml.FilterMediatorSerializer,3,3,0,11,27,3,0,11,3,2,145,0,0,0.777777778,0.555555556,0,0,47.33333333,10,3.6667,0
org.apache.synapse.metrics.Counter,3,1,0,2,4,0,2,0,3,0,20,1,0,0,1,0,0,5.333333333,1,0.6667,0
org.apache.synapse.config.xml.DBLookupMediatorFactory,4,3,0,5,9,4,0,5,3,0.666666667,31,1,0,0.818181818,0.666666667,0,0,6.5,1,0.5,0
org.apache.synapse.config.xml.SynapseXPathFactory,4,1,0,24,17,0,15,9,2,0.333333333,59,1,0,0,0.333333333,0,0,13.5,1,0.5,0
org.apache.synapse.config.xml.EntryFactory,5,1,0,11,28,8,1,10,3,0.25,122,1,0,0,0.3125,0,0,23.2,6,1.8,0
org.apache.synapse.statistics.StatisticsCollector,10,1,0,8,20,9,7,1,10,0.666666667,148,1,0,0,0.475,0,0,13.5,2,1.2,0
org.apache.synapse.config.xml.MediatorSerializer,2,1,0,8,2,1,6,2,2,2,2,0,0,0,0.666666667,0,0,0,1,1,0
org.apache.synapse.core.axis2.SynapseDispatcher,4,3,0,9,13,6,0,9,4,2,35,0,0,0.8,0.583333333,2,2,7.75,1,0.75,0
org.apache.synapse.mediators.ListMediator,6,1,0,13,6,15,12,1,6,2,6,0,0,0,0.458333333,0,0,0,1,1,0
org.apache.synapse.config.xml.SequenceMediatorFactory,5,3,0,12,19,6,4,8,4,0.75,159,1,0,0.571428571,0.75,0,0,30.6,9,3.2,0
org.apache.synapse.statistics.impl.SequenceStatisticsStack,6,1,0,6,22,0,4,3,5,0,154,1,0,0,0.5,0,0,24.5,7,3,0
org.apache.synapse.config.xml.CacheMediatorFactory,5,2,0,9,42,4,0,9,3,0.803571429,384,1,0,0.5,0.5,0,0,73,28,6.8,0
org.apache.synapse.startup.quartz.SimpleQuartzFactory,7,1,0,9,51,5,1,9,4,0.708333333,334,0.75,0,0,0.416666667,0,0,46.14285714,23,3.8571,0
org.apache.synapse.core.axis2.AsyncCallback,10,1,0,7,11,35,4,3,10,0.851851852,46,0.666666667,1,0,0.266666667,0,0,3.3,1,0.9,0
org.apache.synapse.util.ClasspathURLStreamHandler,2,2,0,2,4,1,1,1,2,2,10,0,0,0.923076923,0.75,0,0,4,1,0.5,0
org.apache.synapse.endpoints.dispatch.HttpSessionDispatcher,6,1,0,10,21,3,2,8,5,1,232,1,0,0,0.6,0,0,37,10,4.5,0
org.apache.synapse.endpoints.DefaultEndpoint,15,2,1,14,53,61,3,11,11,0.8,307,1,2,0.277777778,0.333333333,1,1,19.13333333,18,2.6,0
org.apache.synapse.util.SimpleMapImpl,27,3,0,11,90,349,1,11,26,1.030769231,845,1,0,0.619047619,0.164835165,1,2,29.74074074,11,1.6296,0
org.apache.synapse.config.xml.DropMediatorSerializer,3,2,0,7,13,3,0,7,3,2,41,0,0,0.75,0.555555556,0,0,12.66666667,3,1.3333,0
org.apache.synapse.config.xml.DBLookupMediatorSerializer,3,3,0,8,14,3,0,8,3,2,45,0,0,0.777777778,0.555555556,0,0,14,3,1.3333,0
org.apache.synapse.config.xml.SynapseMediatorFactory,4,3,0,5,9,4,0,5,3,0.666666667,30,1,0,0.666666667,0.666666667,0,0,6.25,1,0.5,0
org.apache.synapse.config.xml.CalloutMediatorFactory,4,2,0,8,25,2,0,8,3,0.666666667,218,1,0,0.6,0.666666667,0,0,51.5,14,3.75,0
org.apache.synapse.config.xml.AnonymousListMediator,2,3,0,8,4,1,6,2,2,2,9,0,0,0.956521739,0.75,0,0,3.5,1,0.5,0
org.apache.synapse.config.xml.POJOCommandMediatorSerializer,4,2,0,10,31,6,0,10,3,2,456,0,0,0.666666667,0.4,0,0,113,18,5.75,0
org.apache.synapse.config.xml.HeaderMediatorFactory,4,2,0,11,29,2,0,11,3,0.666666667,191,1,0,0.6,0.666666667,0,0,46.25,14,3.75,0
org.apache.synapse.config.xml.CacheMediatorSerializer,3,2,0,11,31,3,0,11,3,2,225,0,0,0.75,0.555555556,0,0,74,13,4.6667,0
org.apache.synapse.config.xml.MediatorFactory,2,1,0,5,2,1,3,2,2,2,2,0,0,0,0.75,0,0,0,1,1,0
org.apache.synapse.util.TextFileDataSource,12,2,0,15,28,54,1,14,12,0.590909091,117,1,1,0.476190476,0.21875,1,3,8.583333333,1,0.9167,0
org.apache.synapse.mediators.db.Statement,6,1,0,7,12,1,6,2,6,0.666666667,56,0,0,0,0.555555556,0,0,7.833333333,1,0.8333,0
org.apache.synapse.mediators.MediatorProperty,9,1,0,10,12,26,8,2,8,0.928571429,70,0.428571429,1,0,0.375,0,0,6,1,0.7778,0
org.apache.synapse.registry.RegistryEntry,8,1,0,4,8,28,4,0,8,2,8,0,0,0,1,0,0,0,1,1,0
org.apache.synapse.config.xml.DropMediatorFactory,4,2,0,4,8,4,0,4,3,0.666666667,27,1,0,0.6,0.666666667,0,0,5.5,1,0.5,0
org.apache.synapse.startup.quartz.SimpleQuartz,17,2,0,17,62,88,2,16,16,0.888888889,329,0.888888889,0,0.117647059,0.205357143,0,0,17.82352941,12,1.5882,0
org.apache.synapse.config.xml.OMElementUtils,4,1,0,13,21,4,4,9,3,0.666666667,132,1,0,0,0.4,0,0,31.75,6,2.75,0
org.apache.synapse.config.xml.IterateMediatorFactory,4,2,0,14,30,2,0,14,3,0.666666667,161,1,0,0.6,0.666666667,0,0,38,8,2.25,0
org.apache.synapse.mediators.FilterMediator,1,1,0,5,1,0,3,2,1,2,1,0,0,0,1,0,0,0,1,1,0
org.apache.synapse.config.xml.DBReportMediatorSerializer,3,3,0,8,14,3,0,8,3,2,45,0,0,0.777777778,0.555555556,0,0,14,3,1.3333,0
org.apache.synapse.config.xml.ProxyServiceSerializer,4,1,0,19,69,2,1,18,2,0.583333333,598,1,0,0,0.333333333,0,0,147.5,40,10.25,0
org.apache.synapse.FaultHandler,7,1,4,20,32,9,17,4,5,0.5,220,1,0,0,0.333333333,0,0,30.14285714,7,2.5714,0
org.apache.synapse.mediators.MediatorFaultHandler,6,2,0,10,20,0,4,7,4,0.533333333,106,1,1,0.555555556,0.4,1,2,16.16666667,2,0.8333,0
org.apache.synapse.core.axis2.TimeoutHandler,5,2,0,7,33,2,1,6,2,0.55,207,1,0,0.5,0.625,0,0,39.4,5,1.6,0
org.apache.synapse.util.FixedByteArrayOutputStream,3,3,0,2,7,1,1,1,3,2,43,0,0,0.882352941,0.777777778,2,2,13.33333333,2,1.3333,0
org.apache.synapse.config.xml.StartupFinder,11,1,0,11,38,0,2,9,7,0.56,336,1,1,0,0.28,0,0,29.09090909,3,1.3636,0
org.apache.synapse.config.xml.endpoints.IndirectEndpointSerializer,2,2,0,10,8,1,1,10,1,2,38,0,0,0.857142857,0.75,1,2,18,3,1.5,0
org.apache.synapse.config.xml.AbstractMediatorFactory,5,1,19,26,18,10,19,7,0,1,154,1,0,0,0.45,0,0,26.8,5,1.4,0
org.apache.synapse.mediators.eip.Target,14,1,0,15,26,29,8,7,14,0.769230769,159,1,2,0,0.3,0,0,9.928571429,9,1.5,0
org.apache.synapse.registry.RegistryEntryImpl,18,1,0,2,28,87,1,1,18,0.852941176,200,1,0,0,0.361111111,0,0,9.666666667,1,0.9444,0
org.apache.synapse.config.xml.DBReportMediatorFactory,4,3,0,5,9,4,0,5,3,0.666666667,31,1,0,0.818181818,0.666666667,0,0,6.5,1,0.5,0
org.apache.synapse.config.xml.InMediatorSerializer,3,3,0,7,15,3,0,7,3,2,46,0,0,0.777777778,0.555555556,0,0,14.33333333,3,1.3333,0
org.apache.synapse.util.xpath.SynapseXPathVariableContext,3,1,0,9,13,0,1,8,3,0,113,1,1,0,0.533333333,0,0,35.66666667,1,0.3333,0
org.apache.synapse.config.xml.IterateMediatorSerializer,3,2,0,12,24,3,0,12,3,2,94,0,0,0.75,0.555555556,0,0,30.33333333,8,3,0
org.apache.synapse.registry.AbstractRegistry,7,1,1,10,37,13,1,9,5,0.75,227,1,0,0,0.375,0,0,31.14285714,20,3.4286,0
org.apache.synapse.config.xml.PropertyMediatorSerializer,3,2,0,10,21,3,0,10,3,2,110,0,0,0.75,0.555555556,0,0,35.66666667,9,3.3333,0
org.apache.synapse.metrics.GlobalRequestCountHandler,2,2,0,6,9,1,0,6,2,2,20,0,0,0.875,0.75,0,0,9,1,0.5,0
org.apache.synapse.config.xml.endpoints.FailoverEndpointSerializer,2,2,0,11,14,1,1,11,1,2,63,0,0,0.857142857,0.75,1,2,30.5,4,2,0
org.apache.synapse.config.xml.endpoints.WSDLEndpointFactory,5,2,0,11,38,8,1,11,1,0.75,220,1,1,0.75,0.4375,2,4,42.8,12,2.8,0
org.apache.synapse.util.AXIOMUtils,2,1,0,6,6,1,2,4,1,2,21,0,0,0,0.5,0,0,9.5,2,1,0
org.apache.synapse.statistics.Statistics,7,1,0,1,8,0,1,0,7,0.722222222,113,1,0,0,0.428571429,0,0,14.28571429,7,1.7143,0
org.apache.synapse.mediators.eip.EIPUtils,5,1,0,12,19,10,3,9,4,1,143,1,0,0,0.583333333,0,0,27.4,1,0.6,0
org.apache.synapse.ManagedLifecycle,2,1,0,11,2,1,10,1,2,2,2,0,0,0,0.75,0,0,0,1,1,0
org.apache.synapse.statistics.StatisticsStack,4,1,0,7,4,6,6,1,4,2,4,0,0,0,0.7,0,0,0,1,1,0
org.apache.synapse.config.xml.endpoints.utils.WSDL20EndpointBuilder,1,1,0,0,2,0,0,0,1,2,4,0,0,0,1,0,0,3,0,0,0
org.apache.synapse.startup.AbstractStartup,3,1,1,2,4,0,1,1,3,0,17,1,0,0,0.666666667,0,0,4.333333333,1,0.6667,0
org.apache.synapse.mediators.annotations.ReadFromMessage,1,1,0,1,1,0,1,0,1,2,1,0,0,0,1,0,0,0,1,1,0
org.apache.synapse.config.xml.RegistrySerializer,4,1,0,11,23,2,1,10,2,0.583333333,101,1,0,0,0.333333333,0,0,23.25,4,1.25,0
org.apache.synapse.config.xml.endpoints.XMLToEndpointMapper,4,1,0,7,7,4,1,6,2,0.666666667,30,1,1,0,0.5,0,0,6.25,2,0.75,0
org.apache.synapse.config.xml.AbstractMediatorSerializer,8,1,18,34,36,22,18,16,0,0.771428571,181,1,0,0,0.346938776,0,0,21,5,1.75,0
org.apache.synapse.config.xml.SwitchMediatorSerializer,3,2,0,13,27,3,0,13,3,2,128,0,0,0.75,0.555555556,0,0,41.66666667,8,3,0
org.apache.synapse.Startup,3,1,0,11,3,3,10,1,3,2,3,0,0,0,0.666666667,0,0,0,1,1,0
org.apache.synapse.config.xml.AbstractListMediatorSerializer,2,2,7,12,14,1,7,5,1,2,40,0,0,0.857142857,0.666666667,0,0,19,3,1.5,0
org.apache.synapse.config.xml.TargetSerializer,3,1,0,13,18,1,2,11,2,0.5,90,1,0,0,0.5,0,0,28,7,2.3333,0
org.apache.synapse.config.xml.TargetFactory,4,1,0,12,25,2,2,10,2,0.5,145,1,0,0,0.333333333,0,0,34.75,12,3.5,0
org.apache.synapse.mediators.annotations.Namespaces,1,1,0,1,1,0,1,0,1,2,1,0,0,0,1,0,0,0,1,1,0
org.apache.synapse.statistics.StatisticsHolder,9,1,0,2,12,22,1,1,9,0.8125,75,1,2,0,0.288888889,0,0,6.888888889,4,1.2222,0
org.apache.synapse.util.PolicyInfo,14,1,0,3,15,0,3,0,14,0.723076923,126,0.6,0,0,0.446428571,0,0,7.642857143,4,1.4286,0
org.apache.synapse.config.xml.ConfigurationSerializer,2,1,0,4,2,1,2,2,2,2,2,0,0,0,0.75,0,0,0,1,1,0
org.apache.synapse.config.xml.PropertyMediatorFactory,4,2,0,10,22,4,0,10,3,0.666666667,174,1,0,0.6,0.666666667,0,0,42,15,4,0
org.apache.synapse.config.xml.StartupSerializer,1,1,0,4,1,0,2,2,1,2,1,0,0,0,1,0,0,0,1,1,0
org.apache.synapse.config.xml.OutMediatorFactory,4,3,0,5,9,4,0,5,3,0.666666667,30,1,0,0.666666667,0.666666667,0,0,6.25,1,0.5,0
org.apache.synapse.MessageContext,52,1,0,78,52,1326,72,10,52,2,52,0,0,0,0.126602564,0,0,0,1,1,0
org.apache.synapse.config.xml.AnonymousListMediatorSerializer,3,3,0,5,12,3,1,4,3,2,33,0,0,0.777777778,0.555555556,0,0,10,2,1,0
org.apache.synapse.startup.quartz.SimpleQuartzJob,5,1,0,12,31,0,0,12,2,1,132,0.25,0,0,0.5,0,0,24.6,1,0.6,0
org.apache.synapse.config.xml.SequenceMediatorSerializer,4,3,0,12,24,4,4,8,4,2,188,0,0,0.7,0.5,0,0,46,10,4.25,0
org.apache.synapse.util.SimpleMap,22,1,0,2,22,231,2,0,22,2,22,0,0,0,0.204545455,0,0,0,1,1,0
org.apache.synapse.config.xml.MediatorPropertyFactory,3,1,0,11,26,1,2,9,2,0.5,158,1,0,0,0.5,0,0,51.33333333,11,3.6667,0
org.apache.synapse.util.RMIRegistryController,6,1,0,5,17,5,2,3,3,0.7,76,0.75,1,0,0.3,0,0,11,2,0.8333,0
org.apache.synapse.endpoints.dispatch.SimpleClientSessionDispatcher,6,1,0,11,22,3,2,9,5,0.4,202,1,0,0,0.6,0,0,32.33333333,8,3.3333,0
org.apache.synapse.mediators.annotations.UpdateMessage,1,1,0,1,1,0,1,0,1,2,1,0,0,0,1,0,0,0,1,1,0
org.apache.synapse.config.xml.RegistryFactory,6,1,0,7,28,5,1,6,2,0.55,163,0.25,0,0,0.3,0,0,25.5,4,1.3333,0
org.apache.synapse.config.xml.endpoints.FailoverEndpointFactory,4,2,0,4,13,4,1,4,1,0.666666667,51,1,1,0.818181818,0.444444444,1,1,11.5,3,1,0
org.apache.synapse.config.xml.POJOCommandMediatorFactory,5,2,0,10,35,6,0,10,3,1.027777778,435,1,0,0.5,0.5,0,0,84.2,30,7.4,0
org.apache.synapse.config.xml.RMSequenceMediatorFactory,4,2,0,10,28,2,0,10,3,0.666666667,260,1,0,0.6,0.666666667,0,0,62.75,19,5,0
org.apache.synapse.config.xml.CloneMediatorFactory,4,2,0,7,19,2,0,7,3,0.666666667,66,1,0,0.6,0.666666667,0,0,14.75,3,1,0
org.apache.synapse.config.xml.endpoints.EndpointFactory,11,1,6,23,65,49,11,18,3,0.4,566,1,0,0,0.2625,0,0,50.36363636,35,4.9091,0
org.apache.synapse.endpoints.WSDLEndpoint,23,2,0,22,74,175,4,18,19,0.881818182,461,1,3,0.192307692,0.25974026,1,1,18.60869565,23,2.5217,0
org.apache.synapse.config.xml.EntrySerializer,4,1,0,13,22,2,1,12,2,0.583333333,126,1,0,0,0.333333333,0,0,29.5,6,1.75,0
org.apache.synapse.config.xml.endpoints.AddressEndpointSerializer,3,3,0,13,17,1,1,12,2,2,82,0,0,0.818181818,0.555555556,2,7,26.33333333,3,1.6667,0
org.apache.synapse.config.xml.endpoints.WSDLEndpointSerializer,3,2,0,12,16,3,1,12,1,2,101,0,0,0.75,0.5,1,2,32.66666667,7,2.6667,0
org.apache.synapse.config.xml.InMediatorFactory,4,3,0,5,9,4,0,5,3,0.666666667,30,1,0,0.666666667,0.666666667,0,0,6.25,1,0.5,0
org.apache.synapse.config.xml.AbstractListMediatorFactory,2,2,7,14,15,1,7,7,1,2,46,0,0,0.75,0.5,0,0,22,3,1.5,0
org.apache.synapse.util.xpath.SynapseXPathConstants,1,1,0,0,2,0,0,0,1,2,10,0,0,0,1,0,0,3,0,0,0
org.apache.synapse.core.axis2.SynapseMustUnderstandHandler,2,2,0,8,14,1,0,8,2,2,46,0,0,0.875,0.75,0,0,22,1,0.5,0
org.apache.synapse.config.xml.SendMediatorSerializer,3,2,0,9,15,3,0,9,3,2,50,0,0,0.75,0.555555556,0,0,15.66666667,4,1.6667,0
org.apache.synapse.config.xml.LogMediatorSerializer,3,2,0,8,19,3,0,8,3,2,88,0,0,0.75,0.555555556,0,0,28.33333333,8,3,0
org.apache.synapse.metrics.MetricsConstants,1,1,0,0,2,0,0,0,1,2,6,0,0,0,1,0,0,3,0,0,0
org.apache.synapse.config.xml.XMLConfigurationBuilder,3,1,0,8,11,1,2,6,2,0.5,26,1,0,0,0.5,0,0,7.333333333,1,0.3333,0
org.apache.synapse.config.xml.ConfigurationFactoryAndSerializerFinder,13,1,0,14,45,10,2,12,8,0.583333333,382,1,1,0,0.19047619,0,0,28,4,1.4615,0
org.apache.synapse.config.xml.SwitchMediatorFactory,4,2,0,13,27,2,0,13,3,0.666666667,167,1,0,0.6,0.666666667,0,0,40,5,1.5,0
org.apache.synapse.config.xml.AggregateMediatorFactory,4,2,0,13,29,2,0,13,3,0.696969697,222,1,0,0.6,0.666666667,0,0,51.75,12,3.25,0
org.apache.synapse.util.concurrent.SynapseThreadFactory,2,1,0,1,13,0,1,0,2,0,57,0,0,0,0.625,0,0,26,1,0.5,0
org.apache.synapse.config.xml.AggregateMediatorSerializer,4,2,0,14,29,6,0,14,3,1,156,1,0,0.75,0.555555556,0,0,37.75,10,2.75,0
org.apache.synapse.util.POXUtils,3,1,0,12,29,1,1,11,2,0.5,143,1,0,0,0.5,0,0,46.33333333,12,4,0
org.apache.synapse.config.xml.SynapseXPathSerializer,5,1,0,23,23,8,14,9,2,0.5,77,1,0,0,0.4375,0,0,14.2,2,1,0
org.apache.synapse.Command,1,1,0,2,1,0,2,0,1,2,1,0,0,0,1,0,0,0,1,1,0
org.apache.synapse.config.xml.SendMediatorFactory,4,2,0,6,11,2,0,6,3,0.666666667,49,1,0,0.6,0.666666667,0,0,10.75,3,1,0
org.apache.synapse.endpoints.dispatch.Dispatcher,4,1,0,9,4,6,6,3,4,2,4,0,0,0,0.6875,0,0,0,1,1,0
org.apache.synapse.endpoints.IndirectEndpoint,15,2,0,15,42,27,6,9,12,0.726190476,326,0.833333333,1,0.277777778,0.4,1,1,20.33333333,7,2.4667,0
org.apache.synapse.statistics.impl.EndPointStatisticsStack,5,1,0,7,26,0,5,3,5,0.25,288,1,0,0,0.6,0,0,56.2,9,4.2,0
org.apache.synapse.Mediator,4,1,0,78,4,6,78,1,4,2,4,0,0,0,0.5,0,0,0,1,1,0
org.apache.synapse.statistics.StatisticsUtils,6,1,0,14,22,15,5,9,5,2,146,0,0,0,0.5,0,0,23.33333333,4,2.3333,0
org.apache.synapse.mediators.eip.EIPConstants,1,1,0,0,2,0,0,0,1,2,7,0,0,0,1,0,0,3,0,0,0
org.apache.synapse.startup.tasks.MessageInjector,7,1,0,9,22,5,0,9,7,0.7,114,1,1,0,0.392857143,0,0,14.57142857,5,1.4286,0
org.apache.synapse.config.xml.RMSequenceMediatorSerializer,3,2,0,10,21,3,0,10,3,2,107,0,0,0.75,0.555555556,0,0,34.66666667,11,4,0
org.apache.synapse.config.xml.endpoints.IndirectEndpointFactory,4,2,0,4,10,4,1,4,1,0.666666667,43,1,1,0.818181818,0.444444444,1,1,9.5,2,0.75,0
org.apache.synapse.util.SynapseBinaryDataSource,6,1,0,3,15,0,1,2,6,0.5,60,1,1,0,0.458333333,0,0,8.666666667,1,0.6667,0
